TOP,VALUE,RISING,VALUE.1,Growth
furniture,100.0,furlenco furniture s,Breakout,inf
black and white home decor,4.0,ikea home decor ideas,Breakout,inf
ikea home decor,24.0,black home decor,Breakout,inf
white home decor,20.0,home decor ideas,Breakout,inf
house,34.0,interior ai,Breakout,inf
interior design,49.0,ai interior design,Breakout,inf
interior,100.0,kia sonet interior,Breakout,inf
blue home decor,10.0,home decor items,Breakout,inf
black home decor,10.0,green home decor,Breakout,inf
home decor ideas,8.0,pink home decor,Breakout,inf
home decor,100.0,white home decor,Breakout,inf
green home decor,7.0,purple home decor,Breakout,inf
pink home decor,5.0,black and white home decor,Breakout,inf
yellow home decor,5.0,red home decor,Breakout,inf
purple home decor,4.0,grey home decor,Breakout,inf
home decor items,7.0,yellow home decor,Breakout,inf
red home decor,3.0,turquoise home decor,Breakout,inf
home furnishing,76.0,noble house home furnishings,Breakout,inf
grey home decor,3.0,rose gold home decor,Breakout,inf
ikea,25.0,blue home decor,Breakout,inf
furnishing,77.0,rc willey home furnishings,Breakout,inf
home decor,100.0,mckinnon home furnishings palatka fl,Breakout,inf
furniture shop,10.0,wakefit furniture,4750%,4750.0
furniture near me,8.0,wakefit,4550%,4550.0
house design,32.0,ganpati decoration ideas,4550%,4550.0
furniture design,7.0,furnishka furniture,3850%,3850.0
furniture online,5.0,kakoli furniture,3750%,3750.0
decor,18.0,aesthetic room decor,3500%,3500.0
interior designer,11.0,2 floor house design in village,2250%,2250.0
wood furniture,4.0,durian furniture b,2200%,2200.0
home decor,9.0,house design photo in village,2000%,2000.0
decoration,9.0,low cost simple village house design picture,1750%,1750.0
table,4.0,nilkamal furniture i,1700%,1700.0
bed,4.0,durian furniture d,1600%,1600.0
home design,8.0,diya decoration ideas,1550%,1550.0
home interior,7.0,toyota vellfire interior,1550%,1550.0
interiors,7.0,diwali decoration ideas,1400%,1400.0
room interior,7.0,simple village house design in india,850%,850.0
sofa,4.0,shahberi furniture market,850%,850.0
room design,6.0,altroz interior,800%,800.0
furniture shop near me,4.0,old furniture buyers near me,700%,700.0
table furniture,4.0,wholesale furniture shop near me,650%,650.0
house interior,6.0,village house design,650%,650.0
interior designers,5.0,tata altroz interior,600%,600.0
bed furniture,4.0,old furniture shop near me,600%,600.0
furniture market,4.0,wooden furniture shop near me,600%,600.0
interior room design,5.0,home decor shop near me,600%,600.0
interior designing,4.0,interior designer near me,550%,550.0
home interior design,5.0,birthday decoration,550%,550.0
interior home design,5.0,wall hanging decor,550%,550.0
bedroom interior,4.0,minecraft house design,500%,500.0
bedroom design,4.0,wall decor items,500%,500.0
house interior design,3.0,wall decor for living room,450%,450.0
wooden furniture,4.0,2nd hand furniture shop near me,450%,450.0
home furniture,3.0,furniture plural form,450%,450.0
sofa furniture,3.0,best furniture shop near me,450%,450.0
फर्नीचर,3.0,second hand furniture shop near me,400%,400.0
office furniture,3.0,furniture manufacturers near me,400%,400.0
best furniture,3.0,royaloak furniture,400%,400.0
furniture rent,3.0,royaloak,350%,350.0
old furniture,3.0,second hand furniture near me,350%,350.0
farnichar,3.0,office furniture shop near me,350%,350.0
furniture shops,3.0,wooden street,350%,350.0
kitchen,2.0,wooden street furniture,350%,350.0
bedroom interior design,3.0,home decor near me,350%,350.0
wall decor,3.0,wall decor,350%,350.0
kitchen interior,3.0,100 gaj house design,350%,350.0
olx furniture,2.0,furniture shop near me,300%,300.0
furniture,58.0,furnishings shop near me,180%,180.0
home furniture,59.0,ikea home furnishings,180%,180.0
home furnishings store,54.0,ikea,170%,170.0
home furnishings near me,41.0,home furnishings near me,130%,130.0
furnishings near me,41.0,furnishings near me,120%,120.0
home decor accents,3.0,home decor,110%,110.0
best home furnishings,40.0,darpan furnishings,100%,100.0
online home furnishings,35.0,darpan,90%,90.0
ikea home furnishings,30.0,luxury home furnishings,80%,80.0
ikea,30.0,home furnishings store,60%,60.0
darpan,30.0,at home furnishings,60%,60.0
darpan furnishings,29.0,home furnishings company,50%,50.0
